patient-id,sequencing-id,status
OEN01,ENTM_J01C52_1_OE_T0_B0_0000_OEN01_JL26D_GT21.08906_CCAGAAGT.GCAGCATA_S5.clean.dehost.fasta.gz,cleaned
SDP 1.00,ENTM_J01C53_1_SN_T0_B0_0000_SDP01_JL26D_GT21.08907_CTTAGGTC.GCAGCATA_S6.clean.dehost.fasta.gz,cleaned
OEN02,ENTM_J01C54_1_OE_T0_B0_0000_OEN02_JL26D_GT21.08908_ATCTACCG.GCAGCATA_S7.clean.dehost.fasta.gz,cleaned
OEN03,ENTM_J01C55_1_OE_T0_B0_0000_OEN03_JL26D_GT21.08909_GTAGAGGA.TCGTTAGG_S8.clean.dehost.fasta.gz,cleaned
LN01,ENTM_J01C56_1_LX_T0_B0_0000_LN01_JL26D_GT21.08910_GTAGAGGA.TCTCCATC_S9.clean.dehost.fasta.gz,cleaned
MED01,ENTM_J01C57_1_ME_T0_B0_0000_MED01_JL26D_GT21.08911_AGGCAGAA.GGACGTAA_S10.clean.dehost.fasta.gz,cleaned
MED02,ENTM_J01C58_1_ME_T0_B0_0000_MED02_JL26D_GT21.08912_TCCTGAGC.GGACGTAA_S11.clean.dehost.fasta.gz,cleaned
MED03,ENTM_J01C59_1_ME_T0_B0_0000_MED03_JL26D_GT21.08913_TAGGCATG.GGACGTAA_S12.clean.dehost.fasta.gz,cleaned
SN01,ENTM_J01C5A_1_SN_T0_B0_0000_SN01_JL26D_GT21.08914_CCAGAAGT.GGACGTAA_S13.clean.dehost.fasta.gz,cleaned
OEN04,ENTM_J01C5B_1_OE_T0_B0_0000_OEN04_JL26D_GT21.08915_CTTAGGTC.GGACGTAA_S14.clean.dehost.fasta.gz,cleaned
MED04,ENTM_J01C5C_1_ME_T0_B0_0000_MED04_JL26D_GT21.08916_ATCTACCG.GGACGTAA_S15.clean.dehost.fasta.gz,cleaned
OEN05,ENTM_J01C5D_1_OE_T0_B0_0000_OEN05_JL26D_GT21.08917_TTCTTGGG.TCGTTAGG_S16.clean.dehost.fasta.gz,cleaned
TN01,ENTM_J01C5E_1_TS_T0_B0_0000_TN01_JL26D_GT21.08918_TTCTTGGG.TCTCCATC_S17.clean.dehost.fasta.gz,cleaned
OEdB01,ENTM_J01C5F_1_OE_T0_B0_0000_OEdB01_JL26D_GT21.08919_GACGTATC.TCGTTAGG_S18.clean.dehost.fasta.gz,cleaned
OEN06,ENTM_J01C5G_1_OE_T0_B0_0000_OEN06_JL26D_GT21.08920_TCCTGAGC.TCCATGGT_S19.clean.dehost.fasta.gz,cleaned
MEC01,ENTM_J01C5H_1_ME_T0_B0_0000_MEC01_JL26D_GT21.08921_TAGGCATG.TCCATGGT_S20.clean.dehost.fasta.gz,cleaned
MEN01,ENTM_J01C5I_1_ME_T0_B0_0000_MEN01_JL26D_GT21.08922_CCAGAAGT.TCCATGGT_S21.clean.dehost.fasta.gz,cleaned
SN02,ENTM_J01C5J_1_SN_T0_B0_0000_SN02_JL26D_GT21.08923_CTTAGGTC.TCCATGGT_S22.clean.dehost.fasta.gz,cleaned
SN03,ENTM_J01C5K_1_SN_T0_B0_0000_SN03_JL26D_GT21.08924_ATCTACCG.TCCATGGT_S23.clean.dehost.fasta.gz,cleaned
SD01,ENTM_J01C5L_1_SN_T0_B0_0000_SD01_JL26D_GT21.08925_GGACTCCT.TCCATGGT_S24.clean.dehost.fasta.gz,cleaned
OEdB02,ENTM.J01R8Q.1.OE.T0.B0.OEdB02_S114_L001.clean.dehost.fasta.gz,cleaned
MEN02,ENTM.J01R8R.1.ME.T0.B0.MEN02_S115_L001.clean.dehost.fasta.gz,cleaned
SDP 2.00,ENTM.J01R8S.1.SN.T0.B0.SDP02_S116_L001.clean.dehost.fasta.gz,cleaned
LD02,ENTM.J01R8T.1.LX.T0.B0.LD02_S117_L001.clean.dehost.fasta.gz,cleaned
LN02,ENTM.J01R8V.1.LX.T0.B0.LN02_S118_L001.clean.dehost.fasta.gz,cleaned
LD04,ENTM.J01R8W.1.LX.T0.B0.LD04_S119_L001.clean.dehost.fasta.gz,cleaned
LD05,ENTM.J01R8X.1.LX.T0.B0.LD05_S120_L001.clean.dehost.fasta.gz,cleaned
MED05,ENTM.J01R8Z.1.ME.T0.B0.MED05_S121_L001.clean.dehost.fasta.gz,cleaned
OEN08,ENTM.J01R90.1.OE.T0.B0.OEN08_S122_L001.clean.dehost.fasta.gz,cleaned
SDP 3.00,ENTM.J01R91.1.SN.T0.B0.SDP03_S123_L001.clean.dehost.fasta.gz,cleaned
OEdB03,ENTM.J01R92.1.OE.T0.B0.OEdB03_S124_L001.clean.dehost.fasta.gz,cleaned
SD02,ENTM.J01R93.1.SN.T0.B0.SD02_S125_L001.clean.dehost.fasta.gz,cleaned
SD03,ENTM.J01R94.1.SN.T0.B0.SD03_S126_L001.clean.dehost.fasta.gz,cleaned
SDP 4.00,ENTM.J01R95.1.SN.T0.B0.SDP04_S127_L001.clean.dehost.fasta.gz,cleaned
OEDb04,ENTM.J01R96.1.OE.T0.B0.OEDb04_S128_L001.clean.dehost.fasta.gz,cleaned
MED06,ENTM.J01R97.1.ME.T0.B0.MED06_S129_L001.clean.dehost.fasta.gz,cleaned
MED07,ENTM.J01R98.1.ME.T0.B0.MED07_S130_L001.clean.dehost.fasta.gz,cleaned
MED08,ENTM.J01R99.1.ME.T0.B0.MED08_S131_L001.clean.dehost.fasta.gz,cleaned
LD06,ENTM.J01R9A.1.LX.T0.B0.LD06_S132_L001.clean.dehost.fasta.gz,cleaned
LD07,ENTM.J01R9B.1.LX.T0.B0.LD07_S133_L001.clean.dehost.fasta.gz,cleaned
SD06,ENTM.J01R9C.1.SN.T0.B0.SD06_S134_L001.clean.dehost.fasta.gz,cleaned
TD01,ENTM.J01R9D.1.TS.T0.B0.TD01_S135_L001.clean.dehost.fasta.gz,cleaned
LN09,ENTM.J01R9E.1.LX.T0.B0.LN09_S136_L001.clean.dehost.fasta.gz,cleaned
LN10,ENTM.J01R9F.1.LX.T0.B0.LN10_S137_L001.clean.dehost.fasta.gz,cleaned
LD08,ENTM.J01R9G.1.LX.T0.B0.LD08_S138_L001.clean.dehost.fasta.gz,cleaned
OEDf01,ENTM.J01R9J.1.OE.T0.B0.OEDf01_S139_L001.clean.dehost.fasta.gz,cleaned
MED09,ENTM.J01R9K.1.ME.T0.B0.MED09_S140_L001.clean.dehost.fasta.gz,cleaned
MEN04,ENTM.J01R9O.1.ME.T0.B0.MEN04_S141_L001.clean.dehost.fasta.gz,cleaned
LN03,ENTM.J01R9Q.1.LX.T0.B0.LN03_S142_L001.clean.dehost.fasta.gz,cleaned
OEDb05,ENTM.J01R9W.1.OE.T0.B0.OEDb05_S143_L001.clean.dehost.fasta.gz,cleaned
TN03,ENTM.J01R9X.1.TS.T0.B0.TN03_S144_L001.clean.dehost.fasta.gz,cleaned
TN05,ENTM.J01R9Y.1.TS.T0.B0.TN05_S145_L001.clean.dehost.fasta.gz,cleaned
TN06,ENTM.J01R9Z.1.TS.T0.B0.TN06_S146_L001.clean.dehost.fasta.gz,cleaned
SDP 7.00,ENTM.J01RA0.1.SN.T0.B0.SDP07_S147_L001.clean.dehost.fasta.gz,cleaned
MEC02,ENTM.J01RA4.1.ME.T0.B0.MEC02_S148_L001.clean.dehost.fasta.gz,cleaned
SN07,ENTM.J01RA6.1.SN.T0.B0.SN07_S149_L001.clean.dehost.fasta.gz,cleaned
TN07,ENTM.J01RA7.1.TS.T0.B0.TN07_S150_L001.clean.dehost.fasta.gz,cleaned
TN08,ENTM.J01RA8.1.TS.T0.B0.TN08_S151_L001.clean.dehost.fasta.gz,cleaned
LD11,ENTM.J01RAB.1.LX.T0.B0.LD11_S152_L001.clean.dehost.fasta.gz,cleaned
LN04,ENTM.J01RAC.1.LX.T0.B0.LN04_S153_L001.clean.dehost.fasta.gz,cleaned
TN09,ENTM.J01RAE.1.TS.T0.B0.TN09_S154_L001.clean.dehost.fasta.gz,cleaned
SN08,ENTM.J01RAF.1.SN.T0.B0.SN08_S155_L001.clean.dehost.fasta.gz,cleaned
SN09,ENTM.J01RAG.1.SN.T0.B0.SN09_S156_L001.clean.dehost.fasta.gz,cleaned
MED14,ENTM.J01RAJ.1.ME.T0.B0.MED14_S157_L001.clean.dehost.fasta.gz,cleaned
LD12,ENTM.J01RAK.1.LX.T0.B0.LD12_S158_L001.clean.dehost.fasta.gz,cleaned
LN05,ENTM.J01RAL.1.LX.T0.B0.LN05_S159_L001.clean.dehost.fasta.gz,cleaned
MED15,ENTM.J01RAM.1.ME.T0.B0.MED15_S160_L001.clean.dehost.fasta.gz,cleaned
MED16,ENTM.J01RAN.1.ME.T0.B0.MED16_S161_L001.clean.dehost.fasta.gz,cleaned
MED17,ENTM.J01RAO.1.ME.T0.B0.MED17_S162_L001.clean.dehost.fasta.gz,cleaned
neg,ENTM_JXC000_1_ST_T0_B0_0000_neg_extr_JL26D_GT21.08972_CAAAGTCG.GGATTGCA_S71.clean.dehost.fasta.gz,cleaned
neg_ext_cntrl,RUN15-ENTM-KT-EC-187_S54_L001_R1_001,cleaned
neg_PCR_cntrl3,RUN15-ENTM-KT-NC-189_S56_L001_R1_001,cleaned
CSF01,RUN15-ENTM-KT-OT-134_S1_L001_R1_001,cleaned
CSF02,RUN15-ENTM-KT-OT-135_S2_L001_R1_001,cleaned
LD18,RUN15-ENTM-KT-OT-136_S3_L001_R1_001,cleaned
LD19,RUN15-ENTM-KT-OT-137_S4_L001_R1_001,cleaned
LD20,RUN15-ENTM-KT-OT-138_S5_L001_R1_001,cleaned
LD21,RUN15-ENTM-KT-OT-139_S6_L001_R1_001,cleaned
LN01,RUN15-ENTM-KT-OT-140_S7_L001_R1_001,cleaned
LN11,RUN15-ENTM-KT-OT-141_S8_L001_R1_001,cleaned
LN12,RUN15-ENTM-KT-OT-142_S9_L001_R1_001,cleaned
MEC01,RUN15-ENTM-KT-OT-143_S10_L001_R1_001,cleaned
MED01,RUN15-ENTM-KT-OT-144_S11_L001_R1_001,cleaned
MED02,RUN15-ENTM-KT-OT-145_S12_L001_R1_001,cleaned
MED03,RUN15-ENTM-KT-OT-146_S13_L001_R1_001,cleaned
MED04,RUN15-ENTM-KT-OT-147_S14_L001_R1_001,cleaned
MED21,RUN15-ENTM-KT-OT-148_S15_L001_R1_001,cleaned
MED22,RUN15-ENTM-KT-OT-149_S16_L001_R1_001,cleaned
MED23,RUN15-ENTM-KT-OT-150_S17_L001_R1_001,cleaned
MED24,RUN15-ENTM-KT-OT-151_S18_L001_R1_001,cleaned
MED25,RUN15-ENTM-KT-OT-152_S19_L001_R1_001,cleaned
MED26,RUN15-ENTM-KT-OT-153_S20_L001_R1_001,cleaned
MED28,RUN15-ENTM-KT-OT-154_S21_L001_R1_001,cleaned
MED29,RUN15-ENTM-KT-OT-155_S22_L001_R1_001,cleaned
MED30,RUN15-ENTM-KT-OT-156_S23_L001_R1_001,cleaned
MEN01,RUN15-ENTM-KT-OT-157_S24_L001_R1_001,cleaned
MEN08,RUN15-ENTM-KT-OT-158_S25_L001_R1_001,cleaned
MEN09,RUN15-ENTM-KT-OT-159_S26_L001_R1_001,cleaned
MEN10,RUN15-ENTM-KT-OT-160_S27_L001_R1_001,cleaned
OEdB01,RUN15-ENTM-KT-OT-161_S28_L001_R1_001,cleaned
OEDB07,RUN15-ENTM-KT-OT-162_S29_L001_R1_001,cleaned
OEN01,RUN15-ENTM-KT-OT-163_S30_L001_R1_001,cleaned
OEN02,RUN15-ENTM-KT-OT-164_S31_L001_R1_001,cleaned
OEN03,RUN15-ENTM-KT-OT-165_S32_L001_R1_001,cleaned
OEN04,RUN15-ENTM-KT-OT-166_S33_L001_R1_001,cleaned
OEN05,RUN15-ENTM-KT-OT-167_S34_L001_R1_001,cleaned
OEN06,RUN15-ENTM-KT-OT-168_S35_L001_R1_001,cleaned
OEN12,RUN15-ENTM-KT-OT-169_S36_L001_R1_001,cleaned
OEN13,RUN15-ENTM-KT-OT-170_S37_L001_R1_001,cleaned
OES01,RUN15-ENTM-KT-OT-171_S38_L001_R1_001,cleaned
OES02,RUN15-ENTM-KT-OT-172_S39_L001_R1_001,cleaned
SD01,RUN15-ENTM-KT-OT-173_S40_L001_R1_001,cleaned
SD11,RUN15-ENTM-KT-OT-174_S41_L001_R1_001,cleaned
SD12,RUN15-ENTM-KT-OT-175_S42_L001_R1_001,cleaned
SD13,RUN15-ENTM-KT-OT-176_S43_L001_R1_001,cleaned
SDP 1.00,RUN15-ENTM-KT-OT-177_S44_L001_R1_001,cleaned
SDP 11.00,RUN15-ENTM-KT-OT-178_S45_L001_R1_001,cleaned
SDP 12.00,RUN15-ENTM-KT-OT-179_S46_L001_R1_001,cleaned
SN01,RUN15-ENTM-KT-OT-180_S47_L001_R1_001,cleaned
SN02,RUN15-ENTM-KT-OT-181_S48_L001_R1_001,cleaned
SN03,RUN15-ENTM-KT-OT-182_S49_L001_R1_001,cleaned
SN11,RUN15-ENTM-KT-OT-183_S50_L001_R1_001,cleaned
SN12,RUN15-ENTM-KT-OT-184_S51_L001_R1_001,cleaned
TD06,RUN15-ENTM-KT-OT-185_S52_L001_R1_001,cleaned
TD07,RUN15-ENTM-KT-OT-186_S53_L001_R1_001,cleaned
SN12_B,RUN15-ENTM-KT-OT-188_S55_L001_R1_001,cleaned
LD03,ENTM-J01R8U-1-LX-T0-B0-LD03-FC_S53_L001_R1_001.fastq.gz,raw
OEN07,ENTM-J01R8Y-1-OE-T0-B0-OEN07-FC_S54_L001_R1_001.fastq.gz,raw
LD09,ENTM-J01R9H-1-LX-T0-B0-LD09-FC_S55_L001_R1_001.fastq.gz,raw
MEN03,ENTM-J01R9I-1-ME-T0-B0-MEN03-FC_S56_L001_R1_001.fastq.gz,raw
OEN09,ENTM-J01R9J-1-OE-T0-B0-OEN09-FC_S57_L001_R1_001.fastq.gz,raw
OEN10,ENTM-J01R9M-1-OE-T0-B0-OEN10-FC_S58_L001_R1_001.fastq.gz,raw
TN02,ENTM-J01R9N-1-TS-T0-B0-TN02-FC_S59_L001_R1_001.fastq.gz,raw
MED10,ENTM-J01R9P-1-ME-T0-B0-MED10-FC_S60_L001_R1_001.fastq.gz,raw
LD01,ENTM-J01R9R-1-LX-T0-B0-LD01-FC_S61_L001_R1_001.fastq.gz,raw
SN04,ENTM-J01R9S-1-SN-T0-B0-SN04-FC_S62_L001_R1_001.fastq.gz,raw
SDP 6.00,ENTM-J01R9T-1-SN-T0-B0-SDP06-FC_S63_L001_R1_001.fastq.gz,raw
OEN11,ENTM-J01R9U-1-OE-T0-B0-OEN11-FC_S64_L001_R1_001.fastq.gz,raw
TN04,ENTM-J01R9V-1-TS-T0-B0-TN04-FC_S65_L001_R1_001.fastq.gz,raw
SN06,ENTM-J01RA1-1-SN-T0-B0-SN06-FC_S66_L001_R1_001.fastq.gz,raw
SDP 8.00,ENTM-J01RA2-1-SN-T0-B0-SDP08-FC_S67_L001_R1_001.fastq.gz,raw
MEN05,ENTM-J01RA3-1-ME-T0-B0-MEN05-FC_S68_L001_R1_001.fastq.gz,raw
SN05,ENTM-J01RA5-1-SN-T0-B0-SN05-FC_S69_L001_R1_001.fastq.gz,raw
MED11,ENTM-J01RA9-1-ME-T0-B0-MED11-FC_S70_L001_R1_001.fastq.gz,raw
MED12,ENTM-J01RAA-1-ME-T0-B0-MED12-FC_S71_L001_R1_001.fastq.gz,raw
MED13,ENTM-J01RAD-1-ME-T0-B0-MED13-FC_S72_L001_R1_001.fastq.gz,raw
SN10,ENTM-J01RAE-1-SN-T0-B0-SN10-FC_S73_L001_R1_001.fastq.gz,raw
OEDf02,ENTM-J01RAI-1-OE-T0-B0-OEDf02-FC_S74_L001_R1_001.fastq.gz,raw
MED18,ENTM-J01RAP-1-ME-T0-B0-MED18-FC_S75_L001_R1_001.fastq.gz,raw
TN10,ENTM-J01RAQ-1-TS-T0-B0-TN10-FC_S76_L001_R1_001.fastq.gz,raw
MED19,ENTM-J01RAR-1-ME-T0-B0-MED19-FC_S77_L001_R1_001.fastq.gz,raw
SD07,ENTM-J01RAS-1-SN-T0-B0-SD07-FC_S78_L001_R1_001.fastq.gz,raw
AD01,ENTM-J01RAT-1-AN-T0-B0-AD01-FC_S79_L001_R1_001.fastq.gz,raw
LD13,ENTM-J01RAU-1-LX-T0-B0-LD13-FC_S80_L001_R1_001.fastq.gz,raw
LD14,ENTM-J01RAV-1-LX-T0-B0-LD14-FC_S81_L001_R1_001.fastq.gz,raw
LD15,ENTM-J01RAW-1-LX-T0-B0-LD15-FC_S82_L001_R1_001.fastq.gz,raw
MED20,ENTM-J01RAX-1-ME-T0-B0-MED20-FC_S83_L001_R1_001.fastq.gz,raw
SD08,ENTM-J01RAY-1-SN-T0-B0-SD08-FC_S84_L001_R1_001.fastq.gz,raw
SD04,ENTM-J01RAZ-1-SN-T0-B0-SD04-FC_S85_L001_R1_001.fastq.gz,raw
SDP 9.00,ENTM-J01RB0-1-SN-T0-B0-SDP09-FC_S86_L001_R1_001.fastq.gz,raw
SD10,ENTM-J01RB1-1-SN-T0-B0-SD10-FC_S87_L001_R1_001.fastq.gz,raw
LD16,ENTM-J01RB2-1-LX-T0-B0-LD16-FC_S88_L001_R1_001.fastq.gz,raw
LD17,ENTM-J01RB3-1-LX-T0-B0-LD17-FC_S89_L001_R1_001.fastq.gz,raw
OEDb06,ENTM-J01RB4-1-OE-T0-B0-OEDb06-FC_S90_L001_R1_001.fastq.gz,raw
TD03,ENTM-J01RB5-1-TS-T0-B0-TD03-FC_S91_L001_R1_001.fastq.gz,raw
MEC03,ENTM-J01RB6-1-ME-T0-B0-MEC03-FC_S92_L001_R1_001.fastq.gz,raw
TD04,ENTM-J01RB7-1-TS-T0-B0-TD04-FC_S93_L001_R1_001.fastq.gz,raw
SDP 10.00,ENTM-J01RB8-1-SN-T0-B0-SDP10-FC_S94_L001_R1_001.fastq.gz,raw
SD09,ENTM-J01RB9-1-SN-T0-B0-SD09-FC_S95_L001_R1_001.fastq.gz,raw
TD05,ENTM-J01RBA-1-TS-T0-B0-TD05-FC_S96_L001_R1_001.fastq.gz,raw
MEN07,ENTM-J01RBB-1-ME-T0-B0-MEN07-FC_S97_L001_R1_001.fastq.gz,raw
SDP 5.00,ENTM-J01RBC-1-SN-T0-B0-SDP05-FC_S98_L001_R1_001.fastq.gz,raw
SD05,ENTM-J01RBD-1-SN-T0-B0-SD05-FC_S99_L001_R1_001.fastq.gz,raw
TD02,ENTM-J01RBE-1-TS-T0-B0-TD02-FC_S100_L001_R1_001.fastq.gz,raw
CSF01,ENTM-J01RBF-1-SN-T0-B0-CSF01-FC_S101_L001_R1_001.fastq.gz,raw
MEC04,ENTM-J01RBG-1-ME-T0-B0-MEC04-FC_S102_L001_R1_001.fastq.gz,raw
MEN06,ENTM-J01RBH-1-ME-T0-B0-MEN06-FC_S103_L001_R1_001.fastq.gz,raw
DL018,ENTM-J01RBI-1-LX-T0-B0-DL018-FC_S104_L001_R1_001.fastq.gz,raw
LD10,ENTM-J01RBJ-1-LX-T0-B0-LD10-FC_S105_L001_R1_001.fastq.gz,raw
MED08,ENTM-J01RJB-1-ME-T0-B0-MED08-FC_S106_L001_R1_001.fastq.gz,raw
TN05,ENTM-J01RJC-1-TS-T0-B0-TN05-FC_S107_L001_R1_001.fastq.gz,raw
MEN04,ENTM-J01RJD-1-ME-T0-B0-MEN04-FC_S108_L001_R1_001.fastq.gz,raw
